cod_localidad;localidad;cod_prov;provincia;zona_cod;zona_descr;region_cod;region_descr;amba_interior;region_pais_cod;departamento;cp
651;William Morris;8;Cap & Gba;5;GBA OESTE;6;CAP & GBA;AMBA;1;Hurlingham;1686
652;Yerba Buena;13;Tucuman;9;NOA;9;NOA Sur;INTERIOR;2;Yerba Buena;5265
653;Zapala;16;Neuquen;12;Sur;5;Sur;INTERIOR;2;Picunches;8340
565;Tres Arroyos;14;Buenos Aires;12;Sur;7;PBA;INTERIOR;2;Tres Arroyos;7500
567;Tres de Febrero;8;Cap & Gba;5;GBA OESTE;6;CAP & GBA;AMBA;1;Tres De Febrero;1652
568;Trevelin;7;Chubut;12;Sur;5;Sur;INTERIOR;2;Futaleufú;9203
572;Tucuman;13;Tucuman;9;NOA;9;NOA Sur;INTERIOR;2;Capital;4000
573;Tunuyan;1;Mendoza;3;Cuyo;1;Cuyo;INTERIOR;2;Tunuyán;5560
574;Tupungato;1;Mendoza;3;Cuyo;1;Cuyo;INTERIOR;2;Tupungato;5561
575;Unquillo;3;Córdoba;2;Córdoba;2;Córdoba;INTERIOR;2;Colón;5109
576;Ushuaia;23;Tierra Del Fuego;12;Sur;5;Sur;INTERIOR;2;Ushuaia;9410
578;Valle Hermoso;3;Córdoba;2;Córdoba;2;Córdoba;INTERIOR;2;Punilla;5168
579;Vedia;8;Cap & Gba;1;CAP FED;6;CAP & GBA;AMBA;1;Leandro N. Alem;6030
554;Tartagal;6;Salta;9;NOA;8;NOA Norte;INTERIOR;2;General José de San Martín;4560
555;Temperley;8;Cap & Gba;6;GBA SUR;6;CAP & GBA;AMBA;1;Lomas de Zamora;1834
556;Tigre;8;Cap & Gba;4;GBA NORTE;6;CAP & GBA;AMBA;1;Tigre;1648
557;Tilisarao;4;San Luis;3;Cuyo;1;Cuyo;INTERIOR;2;Chacabuco;5773
558;Tinogasta;25;La Rioja;9;NOA;9;NOA Sur;INTERIOR;2;Arauco;5310
560;Tornquist;14;Buenos Aires;12;Sur;5;Sur;INTERIOR;2;Tornquist;8160
561;Tortuguitas;8;Cap & Gba;4;GBA NORTE;6;CAP & GBA;AMBA;1;Malvinas Argentinas;1667
0641201003;Tortuguitas;8;Cap & Gba;4;GBA NORTE;6;GBA NORTE;AMBA;1;Malvinas Argentinas;1667
562;Totoras;2;Santa Fe;11;Rosario;3;Rosario;INTERIOR;2;Iriondo;2000
564;Trenque Lauquen;14;Buenos Aires;12;Sur;7;PBA;INTERIOR;2;Trenque Lauquen;6400
580;Velez Sarfield;8;Cap & Gba;1;CAP FED;6;CAP & GBA;AMBA;1;Comuna 10;1407
582;Venado Tuerto;2;Santa Fe;11;Rosario;3;Rosario;INTERIOR;2;General Lopez;2600
583;Versalles;8;Cap & Gba;1;CAP FED;6;CAP & GBA;AMBA;1;Comuna 10;1408
584;Viale;17;Entre Rios;7;Litoral;10;Litoral;INTERIOR;2;Paraná;3109
585;Vicente Lopez;8;Cap & Gba;4;GBA NORTE;6;CAP & GBA;AMBA;1;Vicente López;1638
587;Victoria;8;Cap & Gba;4;GBA NORTE;6;CAP & GBA;AMBA;1;Victoria;1644
588;Viedma;5;Rio Negro;12;Sur;5;Sur;INTERIOR;2;Adolfo Alsina;8500
589;Villa Adelina;8;Cap & Gba;4;GBA NORTE;6;CAP & GBA;AMBA;1;Vicente López;1607
590;Villa Allende;3;Córdoba;2;Córdoba;2;Córdoba;INTERIOR;2;Colón;5105
542;Sebastian Elcano;3;Córdoba;2;Córdoba;2;Córdoba;INTERIOR;2;Río Seco;5231
543;Seguí;17;Entre Rios;7;Litoral;10;Litoral;INTERIOR;2;Paraná;3117
544;Sexta Seccion;1;Mendoza;3;Cuyo;1;Cuyo;INTERIOR;2;Sexta Seccion;5500
545;Sierra Grande;5;Rio Negro;12;Sur;5;Sur;INTERIOR;2;San Antonio;8532
548;Sumampa;11;Santiago Del Estero;9;NOA;8;NOA Norte;INTERIOR;2;Quebrachos;4722
551;Tafi Viejo;13;Tucuman;9;NOA;9;NOA Sur;INTERIOR;2;Tafí Viejo;4103
552;Tandil;14;Buenos Aires;12;Sur;7;PBA;INTERIOR;2;Tandil;7000
530;Santa Cruz;22;Santa Cruz;12;Sur;5;Sur;INTERIOR;2;Corpen Aike;5201
531;Santa Fe;2;Santa Fe;7;Litoral;10;Litoral;INTERIOR;2;Santa Fe;3000
532;Santa Maria de Punilla;3;Córdoba;2;Córdoba;2;Córdoba;INTERIOR;2;Punilla;5164
533;Santa Rosa;20;La Pampa;12;Sur;7;PBA;INTERIOR;2;Capital;7303
534;Santa Rosa de Calamuchita;3;Córdoba;2;Córdoba;2;Córdoba;INTERIOR;2;Calamuchita;5196
535;Santa Rosa de Rio Primero;3;Córdoba;2;Córdoba;2;Córdoba;INTERIOR;2;Río Primero;5133
536;Santiago Del Estero;11;Santiago Del Estero;9;NOA;8;NOA Norte;INTERIOR;2;Capital;4200
537;Santiago Temple;3;Córdoba;2;Córdoba;2;Córdoba;INTERIOR;2;Río Segundo;5125
538;Santo Tome;2;Santa Fe;7;Litoral;10;Litoral;INTERIOR;2;Santo Tomé;3340
539;Santos Lugares;8;Cap & Gba;5;GBA OESTE;6;CAP & GBA;AMBA;1;Tres de Febrero;3403
540;Sarandi;8;Cap & Gba;6;GBA SUR;6;CAP & GBA;AMBA;1;Avellaneda;1872
541;Sarmiento;7;Chubut;12;Sur;5;Sur;INTERIOR;2;Sarmiento;3700
519;San Nicolás;8;Cap & Gba;1;CAP FED;6;CAP & GBA;AMBA;1;Comuna 1;2900
520;San Nicolas de Los Arroyos;14;Buenos Aires;13;PBA;7;PBA;INTERIOR;2;San Nicolás;2900
521;San Pedro;8;Cap & Gba;4;GBA NORTE;6;CAP & GBA;AMBA;1;San Pedro;2930
522;San Rafael;1;Mendoza;3;Cuyo;1;Cuyo;INTERIOR;2;San Rafael;5260
523;San Ramon de La Nueva Oran;6;Salta;9;NOA;8;NOA Norte;INTERIOR;2;Orán;4530
524;San Roque;10;Corrientes;8;NEA;4;NEA;INTERIOR;2;San Roque;6017
525;San Salvador;17;Entre Rios;7;Litoral;10;Litoral;INTERIOR;2;San Salvador;3218
526;San Salvador de Jujuy;9;Jujuy;9;NOA;8;NOA Norte;INTERIOR;2;Dr. Manuel Belgrano;4600
527;San Telmo;8;Cap & Gba;1;CAP FED;6;CAP & GBA;AMBA;1;Comuna 1;1063
528;San Vicente;8;Cap & Gba;6;GBA SUR;6;CAP & GBA;AMBA;1;San Alberto;1865
529;Santa Clara;14;Buenos Aires;12;Sur;11;Costa;INTERIOR;2;Mar Chiquita;1849
509;San Juan;12;San Juan;3;Cuyo;1;Cuyo;INTERIOR;2;Capital;3611
510;San Julian;22;Santa Cruz;12;Sur;5;Sur;INTERIOR;2;Magallanes;7613
511;San Justo;8;Cap & Gba;5;GBA OESTE;6;CAP & GBA;AMBA;1;San Justo;1754
512;San Lorenzo;2;Santa Fe;11;Rosario;3;Rosario;INTERIOR;2;San Lorenzo;3158
513;San Luis;4;San Luis;3;Cuyo;1;Cuyo;INTERIOR;2;Juan Martín de Pueyrredón;1665
514;San Martin;8;Cap & Gba;5;GBA OESTE;6;CAP & GBA;AMBA;1;Lácar;5800
515;San Martin de Los Andes;16;Neuquen;12;Sur;5;Sur;INTERIOR;2;Lácar;8370
516;San Miguel;8;Cap & Gba;4;GBA NORTE;6;CAP & GBA;AMBA;1;San Miguel;1765
517;San Miguel de Tucuman;13;Tucuman;9;NOA;9;NOA Sur;INTERIOR;2;Capital;4000
349;SAN CARLOS;1;Mendoza;3;Cuyo;1;Cuyo;INTERIOR;2;San Carlos;1765
495;San Carlos de Bariloche;5;Rio Negro;12;Sur;5;Sur;INTERIOR;2;Bariloche;8400
496;San Clemente;14;Buenos Aires;12;Sur;11;Costa;INTERIOR;2;La Costa;7105
497;San Clemente Del Tuyu;14;Buenos Aires;12;Sur;11;Costa;INTERIOR;2;La Costa;7105
498;San Cristobal;8;Cap & Gba;1;CAP FED;6;CAP & GBA;AMBA;1;Comuna 3;1834
499;San Fernando;8;Cap & Gba;4;GBA NORTE;6;CAP & GBA;AMBA;1;San Fernando;1834
500;San Francisco;3;Córdoba;2;Córdoba;2;Córdoba;INTERIOR;2;San Justo;1708
501;San Francisco Del Chañar;3;Córdoba;2;Córdoba;2;Córdoba;INTERIOR;2;Sobremonte;5209
502;San Francisco Del Valle de Catamarca;24;Catamarca;9;NOA;9;NOA Sur;INTERIOR;2;Catamarca;4700
503;San Francisco Solano;8;Cap & Gba;6;GBA SUR;6;CAP & GBA;AMBA;1;Quilmes;1881
504;San Isidro;8;Cap & Gba;4;GBA NORTE;6;CAP & GBA;AMBA;1;San Isidro;1642
505;San Jorge;2;Santa Fe;7;Litoral;10;Litoral;INTERIOR;2;San Martín;7404
506;San Jose;8;Cap & Gba;6;GBA SUR;6;CAP & GBA;AMBA;1;Almirante Brown;1844
507;San Jose de La Dormida;3;Córdoba;2;Córdoba;2;Córdoba;INTERIOR;2;Tulumba;5244
482;Salta;6;Salta;9;NOA;8;NOA Norte;INTERIOR;2;Capital;4400
483;Salto;14;Buenos Aires;13;PBA;7;PBA;INTERIOR;2;Salto;2741
484;Salto de Las Rosas;1;Mendoza;3;Cuyo;1;Cuyo;INTERIOR;2;San Rafael;5603
485;Sampacho;3;Córdoba;2;Córdoba;2;Córdoba;INTERIOR;2;Río Cuarto;5829
486;San Agustin;3;Córdoba;2;Córdoba;2;Córdoba;INTERIOR;2;Calamuchita;1881
487;San Andres;14;Buenos Aires;13;PBA;7;PBA;AMBA;1;General San Martín;1651
488;San Andres de Giles;14;Buenos Aires;13;PBA;7;PBA;AMBA;1;San Andrés de Giles;6720
489;San Antonio de Areco;14;Buenos Aires;13;PBA;7;PBA;AMBA;1;San Antonio de Areco;2760
490;San Antonio de Padua;8;Cap & Gba;5;GBA OESTE;6;CAP & GBA;AMBA;1;Merlo;1718
491;San Antonio Oeste;5;Rio Negro;12;Sur;5;Sur;INTERIOR;2;San Antonio;8520
492;San Benito;17;Entre Rios;7;Litoral;10;Litoral;INTERIOR;2;Paraná;7261
493;San Bernardo;14;Buenos Aires;12;Sur;11;Costa;INTERIOR;2;La Costa;3701
494;San Carlos;2;Santa Fe;7;Litoral;10;Litoral;INTERIOR;2;Las Colonias;1765
472;Rosario;2;Santa Fe;11;Rosario;3;Rosario;INTERIOR;2;Rosario;2000
473;Rosario de La Frontera;6;Salta;9;NOA;8;NOA Norte;INTERIOR;2;Rosario de la Frontera;4190
474;Rosario Del Tala;8;Cap & Gba;6;GBA SUR;6;CAP & GBA;AMBA;1;Tala;3174
476;Rufino;2;Santa Fe;11;Rosario;3;Rosario;INTERIOR;2;General López;6100
477;Saavedra;8;Cap & Gba;1;CAP FED;6;CAP & GBA;AMBA;1;Saavedra;8174
478;Saenz Peña;19;Chaco;8;NEA;4;NEA;INTERIOR;2;Comandante Fernández;1674
479;Saladas;10;Corrientes;8;NEA;4;NEA;INTERIOR;2;Saladas;3428
481;Salsipuedes;3;Córdoba;2;Córdoba;2;Córdoba;INTERIOR;2;Colón;5113
464;Rio Primero;3;Córdoba;2;Córdoba;2;Córdoba;INTERIOR;2;Río Primero;5127
465;Rio Segundo;3;Córdoba;2;Córdoba;2;Córdoba;INTERIOR;2;Río Segundo;5960
466;Rio Tercero;3;Córdoba;2;Córdoba;2;Córdoba;INTERIOR;2;Tercero Arriba;5850
467;Rivadavia;12;San Juan;3;Cuyo;1;Cuyo;INTERIOR;2;Rivadavia;6237
468;Rodeo de La Cruz;1;Mendoza;3;Cuyo;1;Cuyo;INTERIOR;2;Guaymallén;5525
469;Rojas;14;Buenos Aires;13;PBA;7;PBA;AMBA;2;Rojas;2705
470;Roque Perez;14;Buenos Aires;13;PBA;7;PBA;AMBA;1;Roque Pérez;7245
471;Roque Saenz Peña;19;Chaco;8;NEA;4;NEA;INTERIOR;2;Comandante Fernández;5000
121;Cipolletti;5;Rio Negro;12;Sur;5;Sur;INTERIOR;2;General Roca;8324
117;Choele Choel;5;Rio Negro;12;Sur;5;Sur;INTERIOR;2;Avellaneda;8360
461;Rio Gallegos;23;Tierra Del Fuego;12;Sur;5;Sur;INTERIOR;2;Güer Aike;9400
462;Rio Grande;23;Tierra Del Fuego;12;Sur;5;Sur;INTERIOR;2;Río Grande;9420
636;Villa Regina;5;Rio Negro;12;Sur;5;Sur;INTERIOR;2;General Roca;8336
227;Gobernador Gregores;22;Santa Cruz;12;Sur;5;Sur;INTERIOR;2;Río Chico;9311
452;Resistencia;19;Chaco;8;NEA;4;NEA;INTERIOR;2;San Fernando;3500
453;Resistencias;19;Chaco;8;NEA;4;NEA;INTERIOR;2;San Fernando;3500
454;Retiro;8;Cap & Gba;1;CAP FED;6;CAP & GBA;AMBA;1;Comuna 1;1001
456;Rincon de Los Sauces;16;Neuquen;12;Sur;5;Sur;INTERIOR;2;Pehuenches;8319
457;Rincon de Milberg;8;Cap & Gba;4;GBA NORTE;6;CAP & GBA;AMBA;1;Tigre;1624
458;Rio Ceballos;3;Córdoba;2;Córdoba;2;Córdoba;INTERIOR;2;Colón;5111
459;Rio Colorado;5;Rio Negro;12;Sur;5;Sur;INTERIOR;2;Pichi Mahuida;5331
460;Río Cuarto;3;Córdoba;2;Córdoba;2;Córdoba;INTERIOR;2;Río Cuarto;5800
441;Rafaela;2;Santa Fe;7;Litoral;10;Litoral;INTERIOR;2;Castellanos;2300
442;Ramallo;14;Buenos Aires;13;PBA;7;PBA;INTERIOR;2;Ramallo;2915
443;Ramirez;17;Entre Rios;7;Litoral;10;Litoral;INTERIOR;2;Diamante;5289
444;Ramos Mejia;8;Cap & Gba;5;GBA OESTE;6;CAP & GBA;AMBA;1;La Matanza;1704
445;Ranchos;14;Buenos Aires;13;PBA;7;PBA;AMBA;1;General Paz;1987
446;Rauch;14;Buenos Aires;13;PBA;7;PBA;AMBA;1;Rauch;7203
447;Rawson;7;Chubut;12;Sur;5;Sur;INTERIOR;2;Rawson;6734
448;Rayo Cortado;3;Córdoba;2;Córdoba;2;Córdoba;INTERIOR;2;Río Seco;5246
449;Recoleta;8;Cap & Gba;1;CAP FED;6;CAP & GBA;AMBA;1;Comuna 2;1014
450;Recreo;3;Córdoba;2;Córdoba;2;Córdoba;INTERIOR;2;La Capital;5260
451;Remedios de Escalada;8;Cap & Gba;6;GBA SUR;6;CAP & GBA;AMBA;1;Lanús;1689
431;Puerto Deseado;22;Santa Cruz;12;Sur;5;Sur;INTERIOR;2;Deseado;9050
433;Puerto Madryn;7;Chubut;12;Sur;5;Sur;INTERIOR;2;Biedma;9120
563;Trelew;7;Chubut;12;Sur;5;Sur;INTERIOR;2;Rawson;9100
434;Punta Alta;14;Buenos Aires;12;Sur;5;Sur;INTERIOR;2;Coronel de Marina Leonardo Rosales;8109
436;Quequén;14;Buenos Aires;12;Sur;5;Sur;INTERIOR;2;Necochea;7631
437;Quilmes;8;Cap & Gba;6;GBA SUR;6;CAP & GBA;AMBA;1;Quilmes;1878
438;Rada Tilly;7;Chubut;12;Sur;5;Sur;INTERIOR;2;Escalante;9001
439;Rafael Calzada;8;Cap & Gba;6;GBA SUR;6;CAP & GBA;AMBA;1;Almirante Brown;1847
440;Rafael Castillo;8;Cap & Gba;5;GBA OESTE;6;CAP & GBA;AMBA;1;La Matanza;1755
418;Pigue;14;Buenos Aires;12;Sur;5;Sur;INTERIOR;2;Saavedra;8170
419;Pilar;8;Cap & Gba;4;GBA NORTE;6;CAP & GBA;AMBA;1;Río Segundo;1629
420;Pinamar;14;Buenos Aires;12;Sur;11;Costa;INTERIOR;2;Pinamar;7167
422;Plottier;16;Neuquen;12;Sur;5;Sur;INTERIOR;2;Confluencia;8316
423;Pocito;12;San Juan;3;Cuyo;1;Cuyo;INTERIOR;2;Rawson;5429
424;Pompeya;8;Cap & Gba;1;CAP FED;6;CAP & GBA;AMBA;1;Comuna 4;1437
425;Posadas;15;Misiones;8;NEA;4;NEA;INTERIOR;2;Capital;3300
426;Pozo Del Molle;3;Córdoba;2;Córdoba;2;Córdoba;INTERIOR;2;Río Segundo;5707
427;Presidente Derqui;8;Cap & Gba;4;GBA NORTE;6;CAP & GBA;AMBA;1;Pilar;1635
140;Providencia;3;Córdoba;2;Córdoba;2;Córdoba;INTERIOR;2;Las Colonias;5231
428;Puan;14;Buenos Aires;12;Sur;5;Sur;INTERIOR;2;Puán;8180
429;Pueblo Esther;2;Santa Fe;11;Rosario;3;Rosario;INTERIOR;2;Rosario;2126
406;Paso de La Patria;10;Corrientes;8;NEA;4;NEA;INTERIOR;2;San Cosme;3409
407;Paso de Los Libres;10;Corrientes;8;NEA;4;NEA;INTERIOR;2;Paso de los Libres;3230
409;Paternal;8;Cap & Gba;1;CAP FED;6;CAP & GBA;AMBA;1;Comuna 6;1427
410;Pedro de Jujuy;9;Jujuy;9;NOA;8;NOA Norte;INTERIOR;2;Jujuy;5707
411;Pedro Luro;14;Buenos Aires;12;Sur;5;Sur;INTERIOR;2;Villarino;8148
412;Pehuajo;14;Buenos Aires;12;Sur;7;PBA;INTERIOR;2;Pehuajó;6450
413;Perdriel;1;Mendoza;3;Cuyo;1;Cuyo;INTERIOR;2;Luján de Cuyo;5509
414;Perez;2;Santa Fe;11;Rosario;3;Rosario;INTERIOR;2;Rosario;2121
415;Pergamino;14;Buenos Aires;13;PBA;7;PBA;INTERIOR;2;Pergamino;2700
416;Perico;9;Jujuy;9;NOA;8;NOA Norte;INTERIOR;2;El Carmen;4608
417;Pico Truncado;22;Santa Cruz;12;Sur;5;Sur;INTERIOR;2;Deseado;9015
396;Palermo;8;Cap & Gba;1;CAP FED;6;CAP & GBA;AMBA;1;Comuna 14;1425
397;Palomar;8;Cap & Gba;5;GBA OESTE;6;CAP & GBA;AMBA;1;Tres de Febrero;4190
398;Palpalá;9;Jujuy;9;NOA;8;NOA Norte;INTERIOR;2;Palpalá;5707
109;PARANA;17;Entre Rios;7;Litoral;10;Litoral;INTERIOR;2;Paraná;3100
399;Paraná;17;Entre Rios;7;Litoral;10;Litoral;INTERIOR;2;Paraná;3100
400;Parque Avellaneda;8;Cap & Gba;1;CAP FED;6;CAP & GBA;AMBA;1;Comuna 9;1407
401;Parque Chacabuco;8;Cap & Gba;1;CAP FED;6;CAP & GBA;AMBA;1;Comuna 7;1424
402;Parque Chas;8;Cap & Gba;1;CAP FED;6;CAP & GBA;AMBA;1;Comuna 15;1431
404;Parque Patricios;8;Cap & Gba;1;CAP FED;6;CAP & GBA;AMBA;1;Comuna 4;1255
403;Parque Patricios;8;Cap & Gba;1;CAP FED;6;CAP FED;AMBA;1;Comuna 4;1255
378;Nogoya;17;Entre Rios;7;Litoral;10;Litoral;INTERIOR;2;Nogoyá;3150
381;Nueva Pompeya;8;Cap & Gba;1;CAP FED;6;CAP & GBA;AMBA;1;Comuna 4;1437
382;Nuñez;8;Cap & Gba;1;CAP FED;6;CAP & GBA;AMBA;1;Comuna 13;4201
383;Ojo de Agua;11;Santiago Del Estero;9;NOA;8;NOA Norte;INTERIOR;2;Ojo de Agua;5261
384;Olavarria;14;Buenos Aires;12;Sur;7;PBA;INTERIOR;2;Olavarría;7400
385;Oliva;3;Córdoba;2;Córdoba;2;Córdoba;INTERIOR;2;Tercero Arriba;5980
386;Olivos;8;Cap & Gba;4;GBA NORTE;6;CAP & GBA;AMBA;1;Vicente López;1636
387;Olta;25;La Rioja;9;NOA;9;NOA Sur;INTERIOR;2;General Belgrano;5261
388;Oncativo;3;Córdoba;2;Córdoba;2;Córdoba;INTERIOR;2;Río Segundo;5986
391;Oran;6;Salta;9;NOA;8;NOA Norte;INTERIOR;2;Orán;4530
392;Pablo Nogues;8;Cap & Gba;6;GBA SUR;6;CAP & GBA;AMBA;1;Malvinas Argentinas;1616
366;Monteros;13;Tucuman;9;NOA;9;NOA Sur;INTERIOR;2;Monteros;4142
367;Moreno;8;Cap & Gba;5;GBA OESTE;6;CAP & GBA;AMBA;1;Moreno;1744
368;Moron;8;Cap & Gba;5;GBA OESTE;6;CAP & GBA;AMBA;1;Morón;1708
369;Morrison;3;Córdoba;2;Córdoba;2;Córdoba;INTERIOR;2;Unión;2568
370;Morteros;3;Córdoba;2;Córdoba;2;Córdoba;INTERIOR;2;San Justo;2421
371;Munro;8;Cap & Gba;4;GBA NORTE;6;CAP & GBA;AMBA;1;Vicente López;1605
373;Navarro;8;Cap & Gba;6;GBA SUR;6;CAP & GBA;AMBA;1;Navarro;6605
374;Necochea;14;Buenos Aires;12;Sur;11;Costa;INTERIOR;2;Necochea;7630
375;Neuquen;16;Neuquen;12;Sur;5;Sur;INTERIOR;2;Confluencia;8300
376;Neuquén;16;Neuquen;12;Sur;5;Sur;INTERIOR;2;Confluencia;8300
377;Noetinger;3;Córdoba;2;Córdoba;2;Córdoba;INTERIOR;2;Unión;2563
352;Merlo;4;San Luis;3;Cuyo;1;Cuyo;INTERIOR;2;Presidente Roque Sáenz Peña;1722
353;Metan;6;Salta;9;NOA;8;NOA Norte;INTERIOR;2;Metán;4440
354;Mina Clavero;3;Córdoba;2;Córdoba;2;Córdoba;INTERIOR;2;San Alberto;5889
355;Miramar;14;Buenos Aires;12;Sur;11;Costa;INTERIOR;2;General Alvarado;7607
357;Monserrat;8;Cap & Gba;1;CAP FED;6;CAP & GBA;AMBA;1;Comuna 1;1002
358;Monte Buey;3;Córdoba;2;Córdoba;2;Córdoba;INTERIOR;2;Marcos Juárez;2589
359;Monte Caseros;8;Cap & Gba;1;CAP FED;6;CAP & GBA;AMBA;1;Monte Caseros;3220
360;Monte Castro;8;Cap & Gba;1;CAP FED;6;CAP & GBA;AMBA;1;Comuna 10;1417
361;Monte Chingolo;8;Cap & Gba;6;GBA SUR;6;CAP & GBA;AMBA;1;Lanús;1825
362;Monte Cristo;3;Córdoba;2;Córdoba;2;Córdoba;INTERIOR;2;Río Primero;5125
363;Monte Grande;8;Cap & Gba;6;GBA SUR;6;CAP & GBA;AMBA;1;Esteban Echeverría;1638
364;Monte Hermoso;14;Buenos Aires;12;Sur;7;PBA;INTERIOR;2;Monte Hermoso;8153
341;Mariano Acosta;8;Cap & Gba;5;GBA OESTE;6;CAP & GBA;AMBA;1;Merlo;1723
343;Martinez;8;Cap & Gba;4;GBA NORTE;6;CAP & GBA;AMBA;1;San Isidro;1640
345;Mataderos;8;Cap & Gba;1;CAP FED;6;CAP & GBA;AMBA;1;Comuna 9;1440
347;Mayor Buratovich;14;Buenos Aires;12;Sur;5;Sur;INTERIOR;2;Villarino;8146
348;Medanos;14;Buenos Aires;12;Sur;5;Sur;INTERIOR;2;Villarino;8132
351;Mercedes;8;Cap & Gba;4;GBA NORTE;6;CAP & GBA;AMBA;1;Mercedes;6600
326;Maipu;8;Cap & Gba;6;GBA SUR;6;CAP & GBA;AMBA;1;Maipú;7160
327;Malagueño;3;Córdoba;2;Córdoba;2;Córdoba;INTERIOR;2;Santa María;5101
328;Malargue;1;Mendoza;3;Cuyo;1;Cuyo;INTERIOR;2;Malargüe;5613
332;Mar de Ajo;14;Buenos Aires;12;Sur;11;Costa;INTERIOR;2;La Costa;7109
333;Mar Del Plata;14;Buenos Aires;12;PBA;11;Costa;INTERIOR;2;General Pueyrredón;7600
334;Mar Del Tuyu;14;Buenos Aires;12;Sur;11;Costa;INTERIOR;2;La Costa;7108
335;Marcos Juares;3;Córdoba;2;Córdoba;2;Córdoba;INTERIOR;2;Marcos Juárez;2580
336;Marcos Juarez;3;Córdoba;2;Córdoba;2;Córdoba;INTERIOR;2;Marcos Juárez;2580
337;Marcos Paz;8;Cap & Gba;5;GBA OESTE;6;CAP & GBA;AMBA;1;Marcos Paz;1727
339;Maria Grande;17;Entre Rios;7;Litoral;10;Litoral;INTERIOR;2;Paraná;3133
305;Libertador Gral. San Martín;1;Mendoza;3;Cuyo;1;Cuyo;INTERIOR;2;Libertador Gral. San Martín;5570
306;Lincoln;14;Buenos Aires;13;PBA;7;PBA;INTERIOR;2;Lincoln;6070
308;Lobería;14;Buenos Aires;12;Sur;7;PBA;INTERIOR;2;Lobería;5201
310;Loma Hermosa;8;Cap & Gba;5;GBA OESTE;6;CAP & GBA;AMBA;1;Loma Hermosa;1657
312;Lomas Del Mirador;8;Cap & Gba;5;GBA OESTE;6;CAP & GBA;AMBA;1;Lomas Del Mirador;1752
313;Loncopue;16;Neuquen;12;Sur;5;Sur;INTERIOR;2;Loncopué;8349
317;Los Toldos;14;Buenos Aires;12;Sur;7;PBA;INTERIOR;2;General Viamonte;6015
319;Luis Beltran;5;Rio Negro;12;Sur;5;Sur;INTERIOR;2;Avellaneda;8361
321;Lujan Cuyo;1;Mendoza;3;Cuyo;1;Cuyo;INTERIOR;2;Lujan de Cuyo;5507
322;Luque;3;Córdoba;2;Córdoba;2;Córdoba;INTERIOR;2;Río Segundo;5967
323;Macia;17;Entre Rios;7;Litoral;10;Litoral;INTERIOR;2;Tala;3177
325;Magdalena;8;Cap & Gba;6;GBA SUR;6;CAP & GBA;AMBA;1;Magdalena;1913
288;Lago Puelo;7;Chubut;12;Sur;5;Sur;INTERIOR;2;Cushamen;9431
290;Lamarque;5;Rio Negro;12;Sur;5;Sur;INTERIOR;2;Avellaneda;8363
292;Laprida;14;Buenos Aires;12;Sur;7;PBA;INTERIOR;2;Laprida;7414
295;Las Flores;14;Buenos Aires;6;GBA SUR;6;CAP & GBA;INTERIOR;2;Las Flores;7200
296;Las Grutas;5;Rio Negro;12;Sur;5;Sur;INTERIOR;2;San Antonio;8520
297;Las Heras;1;Mendoza;3;Cuyo;1;Cuyo;INTERIOR;2;Deseado;1665
298;Las Lajas;16;Neuquen;12;Sur;5;Sur;INTERIOR;2;Picunches;5833
299;Las Lomas;9;Jujuy;9;NOA;8;NOA Norte;INTERIOR;2;Rinconada;2900
301;Las Peñas;3;Córdoba;2;Córdoba;2;Córdoba;INTERIOR;2;Río Cuarto;5263
302;Las Varillas;3;Córdoba;2;Córdoba;2;Córdoba;INTERIOR;2;San Justo;5940
304;Ledesma;9;Jujuy;9;NOA;8;NOA Norte;INTERIOR;2;Ledesma;4512
264;Jujuy;9;Jujuy;9;NOA;8;NOA Norte;INTERIOR;2;Dr. Manuel Belgrano;4600
265;Junin;14;Buenos Aires;12;Sur;7;PBA;INTERIOR;2;Junín;6000
266;Junin de Los Andes;16;Neuquen;12;Sur;5;Sur;INTERIOR;2;Huiliches;8371
268;La Banda;11;Santiago Del Estero;9;NOA;8;NOA Norte;INTERIOR;2;Banda;5249
270;La Calera;3;Córdoba;2;Córdoba;2;Córdoba;INTERIOR;2;Colón;2823
271;La Carlota;3;Córdoba;2;Córdoba;2;Córdoba;INTERIOR;2;Juárez Celman;1852
272;La Cumbre;3;Córdoba;2;Córdoba;2;Córdoba;INTERIOR;2;Punilla;6354
273;La Falda;3;Córdoba;2;Córdoba;2;Córdoba;INTERIOR;2;Punilla;8000
276;La Lucila;8;Cap & Gba;4;GBA NORTE;6;CAP & GBA;AMBA;1;Vicente López;1637
277;La Matanza;8;Cap & Gba;6;GBA SUR;6;CAP & GBA;AMBA;1;La Matanza;1754
280;La Plata;8;Cap & Gba;6;GBA SUR;6;CAP & GBA;AMBA;1;La Plata;1900
282;La Punta;4;San Luis;3;Cuyo;1;Cuyo;INTERIOR;2;Juan Martín de Pueyrredón;4203
284;La Rioja;25;La Rioja;9;NOA;9;NOA Sur;INTERIOR;2;Capital;5300
286;Laboulaye;3;Córdoba;2;Córdoba;2;Córdoba;INTERIOR;2;Presidente Roque Sáenz Peña;5120
240;Henderson;14;Buenos Aires;12;Sur;7;PBA;INTERIOR;2;Hipólito Yrigoyen;6465
243;Huinca Renanco;3;Córdoba;2;Córdoba;2;Córdoba;INTERIOR;2;General Roca;6270
247;Ingeniero Cruz Alta;13;Tucuman;9;NOA;9;NOA Sur;INTERIOR;2;Cruz Alta;4111
248;Ingeniero Huergo;5;Rio Negro;12;Sur;5;Sur;INTERIOR;2;General Roca;8334
250;Intendente Alvear;20;La Pampa;12;Sur;7;PBA;INTERIOR;2;Chapaleufú;6221
251;Isidro Casanova;8;Cap & Gba;5;GBA OESTE;6;CAP & GBA;AMBA;1;La Matanza;1765
253;J. B. Alberdi;13;Tucuman;9;NOA;9;NOA Sur;INTERIOR;2;Juan Bautista Alberdi;4158
255;Jesus Nazareno;1;Mendoza;3;Cuyo;1;Cuyo;INTERIOR;2;Guaymallén;5523
256;Joaquin V Gonzalez;6;Salta;9;NOA;8;NOA Norte;INTERIOR;2;Anta;3634
258;Jose C. Paz;8;Cap & Gba;4;GBA NORTE;6;CAP & GBA;AMBA;1;José C. Paz;1665
259;Jose Ingenieros;8;Cap & Gba;5;GBA OESTE;6;CAP & GBA;AMBA;1;Tres de Febrero;1778
260;Jose Leon Suarez;8;Cap & Gba;6;GBA SUR;6;CAP & GBA;AMBA;1;General San Martín;1655
591;Villa Angela;19;Chaco;8;NEA;4;NEA;INTERIOR;2;Mayor Luis J. Fontana;3540
592;Villa Ballester;8;Cap & Gba;4;GBA NORTE;6;CAP & GBA;AMBA;1;General San Martín;1653
593;Villa Bosch;8;Cap & Gba;5;GBA OESTE;6;CAP & GBA;AMBA;1;Tres de Febrero;1682
594;Villa Cañas;17;Entre Rios;7;Litoral;10;Litoral;INTERIOR;2;General López;2607
597;Villa Centenario;8;Cap & Gba;6;GBA SUR;6;CAP & GBA;AMBA;1;Lomas de Zamora;2700
598;Villa Constitucion;8;Cap & Gba;1;CAP FED;6;CAP & GBA;AMBA;1;Constitución;2919
221;General Rodriguez;8;Cap & Gba;4;GBA NORTE;6;CAP & GBA;AMBA;1;General Rodríguez;1717
222;General San Martin;8;Cap & Gba;5;GBA OESTE;6;CAP & GBA;AMBA;1;General San Martín;1650
223;General Villegas;14;Buenos Aires;12;Sur;7;PBA;INTERIOR;2;General Villegas;6230
228;Godoy Cruz;1;Mendoza;3;Cuyo;1;Cuyo;INTERIOR;2;Godoy Cruz;5501
229;Gonzalez Catan;8;Cap & Gba;6;GBA SUR;6;CAP & GBA;AMBA;1;La Matanza;1759
230;Goya;10;Corrientes;8;NEA;4;NEA;INTERIOR;2;Goya;3450
232;Gregorio de Laferrere;8;Cap & Gba;6;GBA SUR;6;CAP & GBA;AMBA;1;La Matanza;1757
234;Gualeguaychu;17;Entre Rios;7;Litoral;10;Litoral;INTERIOR;2;Gualeguaychú;2820
235;Guatrache;20;La Pampa;12;Sur;7;PBA;INTERIOR;2;Guatraché;6311
238;Guiñazu;3;Córdoba;2;Córdoba;2;Córdoba;INTERIOR;2;Colón;5145
204;Gálvez;2;Santa Fe;11;Rosario;3;Rosario;INTERIOR;2;San Jerónimo;2000
205;Garin;8;Cap & Gba;5;GBA OESTE;6;CAP & GBA;AMBA;1;Escobar;1619
206;General Acha;20;La Pampa;12;Sur;7;PBA;INTERIOR;2;Utracán;8200
207;General Alvear;1;Mendoza;3;Cuyo;1;Cuyo;INTERIOR;2;General Alvear;7263
210;General Cabrera;3;Córdoba;2;Córdoba;2;Córdoba;INTERIOR;2;Juárez Celman;5809
211;General Deheza;3;Córdoba;2;Córdoba;2;Córdoba;INTERIOR;2;Juárez Celman;5923
212;General Lamadrid;14;Buenos Aires;12;Sur;7;PBA;INTERIOR;2;General La Madrid;7406
215;General Pacheco;8;Cap & Gba;4;GBA NORTE;6;CAP & GBA;AMBA;1;Tigre;1617
216;General Pico;14;Buenos Aires;12;Sur;5;Sur;INTERIOR;2;Maracó;6360
218;General Pinto;20;La Pampa;12;Sur;7;PBA;INTERIOR;2;General Pinto;6050
219;General Roca;20;La Pampa;12;Sur;7;PBA;INTERIOR;2;General Roca;7600
183;Esquina;10;Corrientes;8;NEA;4;NEA;INTERIOR;2;Esquina;5131
184;Esteban Echeverria;8;Cap & Gba;4;GBA NORTE;6;CAP & GBA;AMBA;1;Esteban Echeverría;1842
185;Eugenio Bustos;1;Mendoza;3;Cuyo;1;Cuyo;INTERIOR;2;San Carlos;5569
187;Ezpeleta;8;Cap & Gba;6;GBA SUR;6;CAP & GBA;AMBA;1;Quilmes;1882
188;Federacion;17;Entre Rios;7;Litoral;10;Litoral;INTERIOR;2;Federación;3206
192;Firmat;2;Santa Fe;11;Rosario;3;Rosario;INTERIOR;2;Constitución;2630
195;Florentino Ameghino;14;Buenos Aires;12;Sur;7;PBA;INTERIOR;2;Florentino Ameghino;7600
198;Florida;8;Cap & Gba;4;GBA NORTE;6;CAP & GBA;AMBA;1;Vicente López;1602
199;Formosa;18;Formosa;8;NEA;4;NEA;INTERIOR;2;Formosa;3600
201;Frias;11;Santiago Del Estero;9;NOA;8;NOA Norte;INTERIOR;2;Choya;4230
202;Funes;2;Santa Fe;11;Rosario;3;Rosario;INTERIOR;2;Ischilín;5509
203;Gaiman;7;Chubut;12;Sur;5;Sur;INTERIOR;2;Gaiman;9105
162;Diamante;17;Entre Rios;7;Litoral;10;Litoral;INTERIOR;2;Diamante;3105
163;Dolores;14;Buenos Aires;6;GBA SUR;6;CAP & GBA;INTERIOR;2;Dolores;7100
167;Eduardo Castex;20;La Pampa;12;Sur;7;PBA;INTERIOR;2;Conhelo;6380
168;El Bolson;5;Rio Negro;12;Sur;5;Sur;INTERIOR;2;Bariloche;8430
169;El Calafate;22;Santa Cruz;12;Sur;5;Sur;INTERIOR;2;Lago Argentino;9201
170;El Carmen;9;Jujuy;9;NOA;8;NOA Norte;INTERIOR;2;El Carmen;3190
172;El Maiten;7;Chubut;12;Sur;5;Sur;INTERIOR;2;Cushamen;9210
174;El Talar;8;Cap & Gba;4;GBA NORTE;6;CAP & GBA;AMBA;1;Tigre;1618
176;Embalse;3;Córdoba;2;Córdoba;2;Córdoba;INTERIOR;2;Calamuchita;5856
177;Empedrado;10;Corrientes;8;NEA;4;NEA;INTERIOR;2;Empedrado;3418
181;Esperanza;2;Santa Fe;7;Litoral;10;Litoral;INTERIOR;2;Las Colonias;1763
182;Esquel;7;Chubut;12;Sur;5;Sur;INTERIOR;2;Futaleufú;9200
141;Coronda;2;Santa Fe;7;Litoral;10;Litoral;INTERIOR;2;San Jerónimo;2240
143;Coronel Dorrego;14;Buenos Aires;12;Sur;7;PBA;INTERIOR;2;Coronel Dorrego;8150
144;Coronel Moldes;3;Córdoba;2;Córdoba;2;Córdoba;INTERIOR;2;Río Cuarto;5847
145;Coronel Pringles;14;Buenos Aires;12;Sur;7;PBA;INTERIOR;2;Coronel Pringles;7530
146;Coronel Suarez;14;Buenos Aires;12;Sur;7;PBA;INTERIOR;2;Coronel Suárez;7540
149;Cosquin;3;Córdoba;2;Córdoba;2;Córdoba;INTERIOR;2;Punilla;5166
150;Crespo;8;Cap & Gba;1;CAP FED;6;CAP & GBA;AMBA;1;Comuna 1;3116
151;Crucesita;8;Cap & Gba;6;GBA SUR;6;CAP & GBA;AMBA;1;Avellaneda;1873
154;Curuzu Cuatia;10;Corrientes;8;NEA;4;NEA;INTERIOR;2;Curuzú Cuatiá;3460
155;Cutral Có;16;Neuquen;12;Sur;5;Sur;INTERIOR;2;Pehuenches;8322
161;Devoto;8;Cap & Gba;1;CAP FED;6;CAP & GBA;AMBA;1;Comuna 11;1417
38;Bahia Blanca;14;Buenos Aires;12;Sur;5;Sur;INTERIOR;2;Bahia Blanca;8000
45;Bariloche;5;Rio Negro;12;Sur;5;Sur;INTERIOR;2;Bariloche;8400
134;Comodoro Rivadavia;7;Chubut;12;Sur;5;Sur;INTERIOR;2;Escalante;9000
135;Concepcion;13;Tucuman;9;NOA;9;NOA Sur;INTERIOR;2;Chicligasta;5871
136;Concepcion Del Uruguay;17;Entre Rios;7;Litoral;10;Litoral;INTERIOR;2;Uruguay;3260
656;San Martin;1;Mendoza;3;Cuyo;1;Cuyo;INTERIOR;2;San Martin;5570
629;Villa Mercedes;4;San Luis;3;Cuyo;1;Cuyo;INTERIOR;2;General Pedernera;5730
106;Chacabuco;14;Buenos Aires;12;PBA;7;PBA;INTERIOR;2;Chacabuco;6740
311;Lomas de Zamora;8;Cap & Gba;6;GBA SUR;6;CAP & GBA;AMBA;1;Lomas De Zamora;1832
314;Longchamps;8;Cap & Gba;6;GBA SUR;6;CAP & GBA;AMBA;1;Almirante Brown;1854
316;Los Polvorines;8;Cap & Gba;4;GBA NORTE;6;CAP & GBA;AMBA;1;Malvinas Argentinas;1613
320;Lujan;8;Cap & Gba;5;GBA OESTE;6;CAP & GBA;AMBA;1;Tigre;6700
324;Maciel;2;Santa Fe;7;Litoral;10;Litoral;INTERIOR;2;San Jerónimo;2208
329;Malvinas Argentinas;8;Cap & Gba;4;GBA NORTE;6;CAP & GBA;AMBA;1;Malvinas Argentinas;1846
269;La Boca;8;Cap & Gba;1;CAP FED;6;CAP & GBA;AMBA;1;Comuna 4;1159
274;La Francia;3;Córdoba;2;Córdoba;2;Córdoba;INTERIOR;2;San Justo;2426
278;La Para;3;Córdoba;2;Córdoba;2;Córdoba;INTERIOR;2;Río Primero;7620
281;La Puerta;3;Córdoba;2;Córdoba;2;Córdoba;INTERIOR;2;Colón;4711
659;La Rioja;26;La Rioja;9;NOA Sur;9;NOA Sur;INTERIOR;2;Capital;5300
285;La Toma;4;San Luis;3;Cuyo;1;Cuyo;INTERIOR;2;Coronel Pringles;4751
289;Laguna Larga;3;Córdoba;2;Córdoba;2;Córdoba;INTERIOR;2;Río Segundo;5974
291;Lanus;8;Cap & Gba;6;GBA SUR;6;CAP & GBA;AMBA;1;Lanús;1824
300;Las Parejas;2;Santa Fe;11;Rosario;3;Rosario;INTERIOR;2;Belgrano;2505
307;Liniers;8;Cap & Gba;1;CAP FED;6;CAP & GBA;AMBA;1;Lincoln;1408
231;Grand Bourg;8;Cap & Gba;4;GBA NORTE;6;CAP & GBA;AMBA;1;Malvinas Argentinas;1615
239;Haedo;8;Cap & Gba;5;GBA OESTE;6;CAP & GBA;AMBA;1;Morón;1706
242;Hersilia;2;Santa Fe;7;Litoral;10;Litoral;INTERIOR;2;San Cristóbal;2352
244;Hurlingham;8;Cap & Gba;5;GBA OESTE;6;CAP & GBA;AMBA;1;Hurlingham;1686
245;Ingeniero Adolfo Sourdeaux;8;Cap & Gba;4;GBA NORTE;6;CAP & GBA;AMBA;1;Malvinas Argentinas;1612
252;Ituzaingo;8;Cap & Gba;5;GBA OESTE;6;CAP & GBA;AMBA;1;Ituzaingó;1714
254;Jesus Maria;3;Córdoba;2;Córdoba;2;Córdoba;INTERIOR;2;Colón;5264
257;Jose C Paz;8;Cap & Gba;4;GBA NORTE;6;CAP & GBA;AMBA;1;José C. Paz;1665
340;Maria Teresa;2;Santa Fe;11;Rosario;3;Rosario;INTERIOR;2;General López;2609
214;General Madariaga;14;Buenos Aires;12;Sur;11;Costa;INTERIOR;2;General Juan Madariaga;7163
217;General Pinedo;19;Chaco;8;NEA;4;NEA;INTERIOR;2;12 de Octubre;3732
233;Gualeguay;17;Entre Rios;7;Litoral;10;Litoral;INTERIOR;2;Gualeguay;2840
236;Guaymayen;1;Mendoza;3;Cuyo;1;Cuyo;INTERIOR;2;Guaymayen;5521
241;Hernando;3;Córdoba;2;Córdoba;2;Córdoba;INTERIOR;2;Tercero Arriba;5929
279;La Paz;17;Entre Rios;7;Litoral;10;Litoral;INTERIOR;2;La Paz;7245
293;Larroque;17;Entre Rios;7;Litoral;10;Litoral;INTERIOR;2;Gualeguaychú;2854
294;Las Breñas;19;Chaco;8;NEA;4;NEA;INTERIOR;2;9 de Julio;5321
309;Lobos;8;Cap & Gba;5;GBA OESTE;6;CAP & GBA;AMBA;1;Lobos;7240
173;El Palomar;8;Cap & Gba;5;GBA OESTE;6;CAP & GBA;AMBA;1;Morón;1684
175;El Tio;3;Córdoba;2;Córdoba;2;Córdoba;INTERIOR;2;San Justo;4751
178;Ensenada;8;Cap & Gba;6;GBA SUR;6;CAP & GBA;AMBA;1;Ensenada;1925
180;Escobar;8;Cap & Gba;4;GBA NORTE;6;CAP & GBA;AMBA;1;Escobar;1625
186;Ezeiza;8;Cap & Gba;6;GBA SUR;6;CAP & GBA;AMBA;1;Ezeiza;1804
189;Federal;17;Entre Rios;7;Litoral;10;Litoral;INTERIOR;2;Federal;3180
194;Florencio Varela;8;Cap & Gba;6;GBA SUR;6;CAP & GBA;AMBA;1;Florencio Varela;1888
196;Flores;8;Cap & Gba;1;CAP FED;6;CAP & GBA;AMBA;1;Comuna 7;1406
197;Floresta;8;Cap & Gba;1;CAP FED;6;CAP & GBA;AMBA;1;Comuna 10;1407
208;General Baldissera;3;Córdoba;2;Córdoba;2;Córdoba;INTERIOR;2;Marcos Juárez;2583
147;Coronel Vidal;14;Buenos Aires;12;Sur;11;Costa;INTERIOR;2;Mar Chiquita;7174
148;Corrientes;10;Corrientes;8;NEA;4;NEA;INTERIOR;2;Capital;3400
152;Cruz Del Eje;3;Córdoba;2;Córdoba;2;Córdoba;INTERIOR;2;Cruz del Eje;5280
156;Daireaux;14;Buenos Aires;12;Sur;7;PBA;INTERIOR;2;Daireaux;6555
157;Dean Funes;3;Córdoba;2;Córdoba;2;Córdoba;INTERIOR;2;Ischilín;5123
137;Concordia;17;Entre Rios;7;Litoral;10;Litoral;INTERIOR;2;Concordia;3200
139;Constitución;8;Cap & Gba;1;CAP FED;6;CAP & GBA;AMBA;1;Comuna 1;1068
124;Ciudadela;8;Cap & Gba;5;GBA OESTE;6;GBA OESTE;AMBA;1;Tres de Febrero;1702
75;Burzaco;8;Cap & Gba;6;GBA SUR;6;GBA SUR;AMBA;1;Almirante Brown;1852
35;Avellaneda;8;Cap & Gba;6;GBA SUR;6;GBA SUR;AMBA;1;Quilmes;1878
37;Azul;14;Buenos Aires;12;PBA;7;PBA;INTERIOR;2;Azul;7300
632;Villa Ortuzar;8;Cap & Gba;1;CAP FED;6;CAP FED;AMBA;1;Comuna 15;1430
379;Villanueva;8;Cap & Gba;4;GBA NORTE;6;GBA NORTE;AMBA;1;General San Martín;1670
95;Caseros;8;Cap & Gba;4;GBA NORTE;6;GBA NORTE;AMBA;1;Tres de Febrero;1678
4;28 de Noviembre;22;Santa Cruz;12;Sur;5;Sur;INTERIOR;2;Güer Aike;9408
630;Villa Nueva;3;Córdoba;2;Córdoba;2;Córdoba;INTERIOR;2;General San Martín;5903
67;Bolivar;14;Buenos Aires;12;Sur;7;PBA;INTERIOR;2;Bolivar;6550
133;Comandante Luis Piedrabuena;22;Santa Cruz;12;Sur;5;Sur;INTERIOR;2;Corpen Aike;9303
79;Caleta Olivia;22;Santa Cruz;12;Sur;5;Sur;INTERIOR;2;Deseado;9011
118;Chos Malal;16;Neuquen;12;Sur;5;Sur;INTERIOR;2;Chos Malal;8353
27;Andacollo;16;Neuquen;12;Sur;5;Sur;INTERIOR;2;Minas;8354
93;Carmen de Patagones;14;Buenos Aires;12;Sur;5;Sur;INTERIOR;2;Patagones;8504
119;Chubut;7;Chubut;12;Sur;5;Sur;INTERIOR;2;Cushamen;9000
617;Villa La Angostura;16;Neuquen;12;Sur;5;Sur;INTERIOR;2;Los Lagos;8407
190;Fernandez Oro;5;Rio Negro;12;Sur;5;Sur;INTERIOR;2;General Roca;8325
18;Allen;5;Rio Negro;12;Sur;5;Sur;INTERIOR;2;Florencio Varela;8328
120;Cinco Saltos;5;Rio Negro;12;Sur;5;Sur;INTERIOR;2;General Roca;8303
100;Catriel;5;Rio Negro;12;Sur;5;Sur;INTERIOR;2;General Roca;8307
102;Centenario;16;Neuquen;12;Sur;5;Sur;INTERIOR;2;Confluencia;8309
74;Buenos Aires;5;Rio Negro;12;Sur;5;Sur;INTERIOR;2;Comuna 10;8300
338;Mari Meruco;16;Neuquen;12;Sur;5;Sur;INTERIOR;2;Confluencia;8300
39;Balcarce;14;Buenos Aires;12;PBA;7;PBA;INTERIOR;2;Balcarce;7620
51;Batán;14;Buenos Aires;12;PBA;11;Costa;INTERIOR;2;La Matanza;7601
112;Chascomus;14;Buenos Aires;12;PBA;7;PBA;INTERIOR;2;Chascomús;7130
36;Ayacucho;8;Cap & Gba;6;GBA SUR;6;GBA SUR;AMBA;1;Ayacucho;7150
614;Villa Gesell;14;Buenos Aires;12;PBA;11;Costa;INTERIOR;2;Villa Gesell;7165
116;Chivilcoy;14;Buenos Aires;12;PBA;7;PBA;INTERIOR;2;Chivilcoy;6620
72;Bragado;14;Buenos Aires;12;PBA;7;PBA;INTERIOR;2;Bragado;6640
92;Carmen de Areco;14;Buenos Aires;12;PBA;7;PBA;INTERIOR;2;Carmen de Areco;6725
94;Casbas;14;Buenos Aires;12;PBA;7;PBA;INTERIOR;2;Adolfo Alsina;6417
1;9 de Abril;14;Buenos Aires;12;PBA;7;PBA;INTERIOR;2;Esteban Echeverría;6500
89;Carlos Casares;14;Buenos Aires;12;Sur;7;PBA;INTERIOR;2;Carlos Casares;6530
644;Villa Valeria;3;Córdoba;2;Córdoba;2;Córdoba;INTERIOR;2;General Roca;6273
586;Vickuña Mackena;3;Córdoba;2;Córdoba;2;Córdoba;INTERIOR;2;Río Cuarto;6140
263;Juana Koslay;4;San Luis;3;Cuyo;1;Cuyo;INTERIOR;2;Juan Martín de Pueyrredón;5701
114;Chimbas;12;San Juan;3;Cuyo;1;Cuyo;INTERIOR;2;Chimbas;5413
49;Barrio Rawson;12;San Juan;3;Cuyo;1;Cuyo;INTERIOR;2;Rawson;5425
101;Caucete;12;San Juan;3;Cuyo;1;Cuyo;INTERIOR;2;Caucete;5442
90;Carlos Paz;3;Córdoba;2;Córdoba;2;Córdoba;INTERIOR;2;Punilla;5152
23;Alta Gracia;3;Córdoba;2;Córdoba;2;Córdoba;INTERIOR;2;Santa María;5186
626;Villa Maria;3;Córdoba;2;Córdoba;2;Córdoba;INTERIOR;2;General San Martín;5220
99;Catamarca;24;Catamarca;9;NOA Sur;9;NOA Sur;INTERIOR;2;Capital;4700
130;Colombres;13;Tucuman;9;NOA Sur;9;NOA Sur;INTERIOR;2;Cruz Alta;4111
111;Charata;19;Chaco;8;NEA;4;NEA;INTERIOR;2;Chacabuco;3730
80;Campana;8;Cap & Gba;4;GBA NORTE;6;GBA NORTE;AMBA;1;Bariloche;2804
131;Colon;17;Entre Rios;7;Litoral;10;Litoral;INTERIOR;2;Colón;2720
31;Arrecifes;14;Buenos Aires;12;PBA;7;PBA;INTERIOR;2;Arrecifes;2740
33;Arroyo Seco;2;Santa Fe;11;Rosario;3;Rosario;INTERIOR;2;Rosario;2128
96;Casilda;2;Santa Fe;11;Rosario;3;Rosario;INTERIOR;2;Caseros;2170
64;Bigand;2;Santa Fe;11;Rosario;3;Rosario;INTERIOR;2;Caseros;2177
605;Villa Del Totoral;3;Córdoba;2;Córdoba;2;Córdoba;INTERIOR;2;Totoral;5236
627;Villa Maria de Rio Seco;3;Córdoba;2;Córdoba;2;Córdoba;INTERIOR;2;Río Seco;5248
19;Almafuerte;3;Córdoba;2;Córdoba;2;Córdoba;INTERIOR;2;Tercero Arriba;5854
607;Villa Dolores;3;Córdoba;2;Córdoba;2;Córdoba;INTERIOR;2;San Javier;5870
115;Chimpay;5;Rio Negro;12;Sur;5;Sur;INTERIOR;2;Avellaneda;8364
78;Cabildo;14;Buenos Aires;12;PBA;7;PBA;INTERIOR;2;Bahía Blanca;8118
508;San Jose Feliciano;17;Entre Rios;7;Litoral;10;Litoral;INTERIOR;2;Feliciano;3187
2;25 de Mayo;14;Buenos Aires;12;PBA;7;PBA;INTERIOR;2;25 De Mayo;6660
58;Benito Juarez;14;Buenos Aires;12;PBA;7;PBA;INTERIOR;2;Benito Juarez;7020
14;Alcira Gigena;3;Córdoba;2;Córdoba;2;Córdoba;INTERIOR;2;Río Cuarto;5831
604;Villa Del Rosario;3;Córdoba;2;Córdoba;2;Córdoba;INTERIOR;2;Río Segundo;5963
62;Berrotaran;3;Córdoba;2;Córdoba;2;Córdoba;INTERIOR;2;Río Cuarto;5817
71;Bowen;1;Mendoza;3;Cuyo;1;Cuyo;INTERIOR;2;Bowen;5634
649;Vista Flores;1;Mendoza;3;Cuyo;1;Cuyo;INTERIOR;2;Vista Flores;5565
85;Capilla Del Monte;3;Córdoba;2;Córdoba;2;Córdoba;INTERIOR;2;Punilla;5184
612;Villa General Belgrano;3;Córdoba;2;Córdoba;2;Córdoba;INTERIOR;2;Calamuchita;5194
132;Colonia Caroya;3;Córdoba;2;Córdoba;2;Córdoba;INTERIOR;2;Colón;5000
126;Clorinda;18;Formosa;8;NEA;4;NEA;INTERIOR;2;Pilcomayo;3610
160;Despeñadero;3;Córdoba;2;Córdoba;2;Córdoba;INTERIOR;2;Santa María;5988
153;Cura Brochero;3;Córdoba;2;Córdoba;2;Córdoba;INTERIOR;2;San Alberto;5891
55;Bell Ville;3;Córdoba;2;Córdoba;2;Córdoba;INTERIOR;2;Unión;2550
87;Capitan Sarmiento;14;Buenos Aires;12;PBA;7;PBA;INTERIOR;2;Capitan Sarmiento;2752
634;Villa Ramallo;8;Cap & Gba;6;GBA SUR;6;GBA SUR;AMBA;1;Ramallo;2914
44;Baradero;8;Cap & Gba;4;GBA NORTE;6;GBA NORTE;AMBA;1;Baradero;2942
657;Chavas;2;Santa Fe;11;Rosario;3;Rosario;INTERIOR;2;Caseros;2000
59;Berazategui;8;Cap & Gba;6;GBA SUR;6;GBA SUR;AMBA;1;Berazategui;1880
608;Villa Dominico;8;Cap & Gba;6;GBA SUR;6;GBA SUR;AMBA;1;Avellaneda;1874
61;Bernal;8;Cap & Gba;6;GBA SUR;6;GBA SUR;AMBA;1;Quilmes;1876
10;Adrogue;8;Cap & Gba;6;GBA SUR;6;GBA SUR;AMBA;1;Almirante Brown;1846
125;Claypole;8;Cap & Gba;6;GBA SUR;6;GBA SUR;AMBA;1;Almirante Brown;1849
43;Banfield;8;Cap & Gba;6;GBA SUR;6;GBA SUR;AMBA;1;Lomas de Zamora;1828
16;Aldo Bonzi;8;Cap & Gba;6;GBA SUR;6;GBA SUR;AMBA;1;La Matanza;1770
622;Villa Luzuriaga;8;Cap & Gba;5;GBA OESTE;6;GBA OESTE;AMBA;1;La Matanza;1753
220;General Rodriguez;8;Cap & Gba;5;GBA OESTE;6;GBA OESTE;AMBA;1;General Rodríguez;1717
642;Villa Tesei;8;Cap & Gba;5;GBA OESTE;6;GBA SUR;AMBA;1;Hurlingham;1708
97;Castelar;8;Cap & Gba;5;GBA OESTE;6;GBA OESTE;AMBA;1;Morón;1712
122;Ciudad Jardin Del Palomar;8;Cap & Gba;5;GBA OESTE;6;GBA OESTE;AMBA;1;Tres de Febrero;1684
623;Villa Lynch;8;Cap & Gba;4;GBA NORTE;6;GBA NORTE;AMBA;1;General San Martín;1672
56;Bella Vista;8;Cap & Gba;4;GBA NORTE;6;GBA NORTE;AMBA;1;San Miguel;1661
52;Beccar;8;Cap & Gba;4;GBA NORTE;6;GBA NORTE;AMBA;1;San Isidro;1643
7;Acassuso;8;Cap & Gba;4;GBA NORTE;6;GBA NORTE;AMBA;1;San Isidro;1640
53;Belen de Escobar;8;Cap & Gba;4;GBA NORTE;6;GBA NORTE;AMBA;1;Escobar;1625
455;Ricardo Rojas;14;Buenos Aires;12;PBA;7;PBA;INTERIOR;2;Tigre;1610
643;Villa Urquiza;8;Cap & Gba;1;CAP FED;6;CAP FED;AMBA;1;Comuna 12;1431
641;Villa Soldati;8;Cap & Gba;1;CAP FED;6;CAP FED;AMBA;1;Comuna 8;1437
620;Villa Lugano;8;Cap & Gba;1;CAP FED;6;CAP FED;AMBA;1;Comuna 8;1439
637;Villa Riachuelo;8;Cap & Gba;1;CAP FED;6;CAP FED;AMBA;1;Comuna 8;1439
88;Carapachay;8;Cap & Gba;4;GBA NORTE;6;GBA NORTE;AMBA;1;Vicente López;1606
127;Coghlan;8;Cap & Gba;1;CAP FED;6;CAP FED;AMBA;1;Comuna 12;1430
54;Belgrano;8;Cap & Gba;1;CAP FED;6;CAP FED;AMBA;1;Comuna 14;1428
621;Villa Luro;8;Cap & Gba;1;CAP FED;6;CAP FED;AMBA;1;Comuna 10;1407
129;Colegiales;8;Cap & Gba;1;CAP FED;6;CAP FED;AMBA;1;Comuna 13;1426
107;Chacarita;8;Cap & Gba;1;CAP FED;6;CAP FED;AMBA;1;Comuna 15;1427
613;Villa General Mitre;8;Cap & Gba;1;CAP FED;6;CAP FED;AMBA;1;Comuna 11;1416
640;Villa Santa Rita;8;Cap & Gba;1;CAP FED;6;CAP FED;AMBA;1;Comuna 11;1416
606;Villa Devoto;8;Cap & Gba;1;CAP FED;6;CAP FED;AMBA;1;Comuna 11;1417
633;Villa Pueyrredon;8;Cap & Gba;1;CAP FED;6;CAP FED;AMBA;1;Comuna 12;1419
635;Villa Real;8;Cap & Gba;1;CAP FED;6;CAP FED;AMBA;1;Comuna 11;1408
77;Caballito;8;Cap & Gba;1;CAP FED;6;CAP FED;AMBA;1;Comuna 6;1414
603;Villa Del Parque;8;Cap & Gba;1;CAP FED;6;CAP FED;AMBA;1;Comuna 11;1416
600;Villa Crespo;8;Cap & Gba;1;CAP FED;6;CAP FED;AMBA;1;Comuna 15;1405
110;Chamical;25;La Rioja;9;NOA;9;NOA Sur;INTERIOR;2;Chamical;4608
113;Chilecito;25;La Rioja;9;NOA;9;NOA Sur;INTERIOR;2;Chilecito;3412
98;Castelli;14;Buenos Aires;12;Sur;11;Costa;INTERIOR;2;Castelli;7114
103;Ceres;2;Santa Fe;7;Litoral;10;Litoral;INTERIOR;2;San Cristóbal;2340
105;Cerrito;17;Entre Rios;7;Litoral;10;Litoral;INTERIOR;2;Paraná;6237
599;Villa Constitución;2;Santa Fe;11;Rosario;3;Rosario;INTERIOR;2;Constitución;2919
601;Villa de Maria de Rio Seco;3;Córdoba;2;Córdoba;2;Córdoba;INTERIOR;2;Río Seco;50248
91;Carlos Spegazzini;8;Cap & Gba;6;GBA SUR;6;CAP & GBA;AMBA;1;Ezeiza;1812
609;Villa Elisa;17;Entre Rios;7;Litoral;10;Litoral;INTERIOR;2;La Plata;1894
82;Cañada de Gomez;2;Santa Fe;11;Rosario;3;Rosario;INTERIOR;2;Iriondo;2500
66;Boedo;8;Cap & Gba;1;CAP FED;6;CAP & GBA;AMBA;1;Comuna 5;1226
70;Bovril;17;Entre Rios;7;Litoral;10;Litoral;INTERIOR;2;La Paz;3142
60;Berisso;8;Cap & Gba;6;GBA SUR;6;CAP & GBA;AMBA;1;Berisso;1923
475;Rosario Lerma;6;Salta;9;NOA Norte;8;NOA Norte;INTERIOR;2;Rosario de Lerma;4405
602;Villa de Soto;3;Córdoba;2;Córdoba;2;Córdoba;INTERIOR;2;Minas;5284
12;Aimogasta;25;La Rioja;9;NOA Sur;9;NOA Sur;INTERIOR;2;Arauco;5310
8;Adelia Maria;3;Córdoba;2;Córdoba;2;Córdoba;INTERIOR;2;Río Cuarto;5843
41;Balnearia;3;Córdoba;2;Córdoba;2;Córdoba;INTERIOR;2;San Justo;5141
618;Villa La Bolsa;3;Córdoba;2;Córdoba;2;Córdoba;INTERIOR;2;Santa María;5170
29;Anisacate;3;Córdoba;2;Córdoba;2;Córdoba;INTERIOR;2;Santa María;5189
28;Andalgalá;24;Catamarca;9;NOA Sur;9;NOA Sur;INTERIOR;2;Andalgalá;4740
24;Altos de Chipion;3;Córdoba;2;Córdoba;2;Córdoba;INTERIOR;2;San Justo;2417
32;Arroyito;3;Córdoba;2;Córdoba;2;Córdoba;INTERIOR;2;San Justo;2434
26;Amstrong;2;Santa Fe;11;Rosario;3;Rosario;INTERIOR;2;Belgrano;2508
40;Ballesteros;3;Córdoba;2;Córdoba;2;Córdoba;INTERIOR;2;Unión;2572
15;Alcorta;2;Santa Fe;11;Rosario;3;Rosario;INTERIOR;2;Constitución;2117
11;Agronomia;8;Cap & Gba;1;CAP FED;6;CAP FED;AMBA;1;Comuna 15;1471
46;Barracas;8;Cap & Gba;1;CAP FED;6;CAP FED;AMBA;1;Comuna 4;1269
30;Armstrong;2;Santa Fe;11;Rosario;3;Rosario;INTERIOR;2;Belgrano;2508
20;Almagro;8;Cap & Gba;1;CAP FED;6;CAP FED;AMBA;1;Comuna 5;1172
42;Balvanera;8;Cap & Gba;1;CAP FED;6;CAP FED;AMBA;1;Comuna 3;1023
645;Villaguay;17;Entre Rios;7;Litoral;10;Litoral;INTERIOR;2;Villaguay;3240
646;Villalonga;14;Buenos Aires;12;Sur;5;Sur;INTERIOR;2;Patagones;8512
50;Basavilbaso;17;Entre Rios;7;Litoral;10;Litoral;INTERIOR;2;Uruguay;3170
21;Almirante Brown;8;Cap & Gba;6;GBA SUR;6;CAP & GBA;AMBA;1;Almirante Brown;1846
3;9 de Julio;8;Cap & Gba;5;GBA OESTE;6;CAP & GBA;AMBA;1;9 de Julio;5272
13;Alberti;14;Buenos Aires;6;GBA SUR;6;CAP & GBA;INTERIOR;2;Alberti;6634
639;Villa San Jose;17;Entre Rios;7;Litoral;10;Litoral;INTERIOR;2;;2743
638;Villa Rosa;8;Cap & Gba;4;GBA NORTE;6;CAP & GBA;AMBA;1;;1631
631;Villa Ojo de Agua;3;Córdoba;2;Córdoba;2;Córdoba;INTERIOR;2;Ojo de Agua;
650;Wilde;8;Cap & Gba;6;GBA SUR;6;CAP & GBA;AMBA;1;;1875
648;Virreyes;8;Cap & Gba;4;GBA NORTE;6;GBA NORTE;AMBA;1;;1646
647;Virrey Del Pino;8;Cap & Gba;4;GBA NORTE;6;GBA NORTE;AMBA;1;;1763
549;Sur;5;Rio Negro;12;Sur;5;Sur;INTERIOR;2;;
615;Villa Hernandarias;17;Entre Rios;7;Litoral;10;Litoral;INTERIOR;2;;
628;Villa Martelli;8;Cap & Gba;4;GBA NORTE;6;CAP & GBA;AMBA;1;;
342;Martin Coronado;8;Cap & Gba;5;GBA OESTE;6;CAP & GBA;AMBA;1;;
166;Don Torcuato;8;Cap & Gba;4;GBA NORTE;6;CAP & GBA;AMBA;1;;
69;Boulogne;8;Cap & Gba;4;GBA NORTE;6;CAP & GBA;AMBA;1;;
65;Bilinghurst;8;Cap & Gba;5;GBA OESTE;6;CAP & GBA;AMBA;1;;
57;Benavidez;8;Cap & Gba;4;GBA NORTE;6;CAP & GBA;AMBA;1;;
518;San Miguel Del Monte;8;Cap & Gba;6;GBA SUR;6;CAP & GBA;AMBA;1;;
287;Laferrere;8;Cap & Gba;6;GBA SUR;6;CAP & GBA;AMBA;1;;
86;Capital Federal;8;Cap & Gba;1;CAP FED;6;CAP & GBA;AMBA;1;;
550;Tablada;8;Cap & Gba;6;GBA SUR;6;CAP & GBA;AMBA;1;;
577;Valentin Alsina;8;Cap & Gba;6;GBA SUR;6;CAP & GBA;AMBA;1;;
654;Zarate;8;Cap & Gba;4;GBA NORTE;6;CAP & GBA;AMBA;1;;
408;Paso Del Rey;8;Cap & Gba;5;GBA OESTE;6;CAP & GBA;AMBA;1;;
9;Adolfo Chavez;14;Buenos Aires;12;PBA;7;PBA;INTERIOR;2;Adolfo Gonzales Chaves;
6;Abasto;8;Cap & Gba;1;CAP FED;6;CAP & GBA;AMBA;1;;1903
389;Once;8;Cap & Gba;1;CAP FED;6;CAP FED;AMBA;1;;1039
569;Tribunales;8;Cap & Gba;1;CAP FED;6;CAP FED;AMBA;1;;1079
17;Alejandro Korn;8;Cap & Gba;6;GBA SUR;6;CAP & GBA;AMBA;1;;1864
63;Bialet Maset;3;Córdoba;2;Córdoba;2;Córdoba;INTERIOR;2;Punilla;
421;Piñeyro;8;Cap & Gba;6;GBA SUR;6;CAP & GBA;AMBA;1;;
48;Barrio Norte;8;Cap & Gba;1;CAP FED;6;CAP FED;AMBA;1;;1014
25;America;8;Cap & Gba;5;GBA OESTE;6;CAP & GBA;AMBA;1;;6237
128;Colastine;2;Santa Fe;7;Litoral;10;Litoral;INTERIOR;2;;
619;Villa Libertador;3;Córdoba;2;Córdoba;2;Córdoba;INTERIOR;2;;
83;Cañuelas;8;Cap & Gba;6;GBA SUR;6;GBA SUR;AMBA;1;;1814
315;Los Paraisos;3;Córdoba;2;Córdoba;2;Córdoba;INTERIOR;2;;
616;Villa Insuperable;8;Cap & Gba;5;GBA OESTE;6;CAP & GBA;AMBA;1;;1752
624;Villa Madero;8;Cap & Gba;5;GBA OESTE;6;CAP & GBA;AMBA;1;;1768
625;Villa Maipú;8;Cap & Gba;5;GBA OESTE;6;CAP & GBA;AMBA;1;;1828
610;Villa Elvira;8;Cap & Gba;6;GBA SUR;6;CAP & GBA;AMBA;1;;4203
611;Villa Fiorito;8;Cap & Gba;6;GBA SUR;6;CAP & GBA;AMBA;1;;1831
318;Lugano;8;Cap & Gba;1;CAP FED;6;CAP & GBA;AMBA;1;;
581;Velez Sarsfield;8;Cap & Gba;1;CAP FED;6;CAP & GBA;AMBA;1;;
104;Cerillos;6;Salta;9;NOA Norte;8;NOA Norte;INTERIOR;2;General Guemes;
432;Puerto Madero;8;Cap & Gba;1;CAP FED;6;CAP & GBA;AMBA;1;;
553;Tapiales;8;Cap & Gba;6;GBA SUR;6;GBA SUR;AMBA;1;;1770
138;Congreso;8;Cap & Gba;1;CAP FED;6;CAP & GBA;AMBA;1;;
225;Glew;8;Cap & Gba;6;GBA SUR;6;GBA SUR;AMBA;1;;1856
365;Monterico;13;Tucuman;9;NOA;9;NOA Sur;INTERIOR;2;;
331;Maquinista Savio;8;Cap & Gba;4;GBA NORTE;6;GBA NORTE;AMBA;1;;1620
249;Ingeniero Maschwitz;8;Cap & Gba;4;GBA NORTE;6;GBA NORTE;AMBA;1;;1623
346;Matheu;8;Cap & Gba;4;GBA NORTE;6;GBA NORTE;AMBA;1;;1627
330;Manuel Alberti;8;Cap & Gba;4;GBA NORTE;6;GBA NORTE;AMBA;1;;1664
571;Trujui;8;Cap & Gba;5;GBA OESTE;6;GBA OESTE;AMBA;1;;1664
158;Del Viso;8;Cap & Gba;4;GBA NORTE;6;GBA NORTE;AMBA;1;;1669
405;Parque San Martin;8;Cap & Gba;5;GBA OESTE;6;GBA OESTE;AMBA;1;;1721
283;La Reja;8;Cap & Gba;5;GBA OESTE;6;GBA OESTE;AMBA;1;;1738
123;Ciudad Madero;8;Cap & Gba;6;GBA SUR;6;GBA SUR;AMBA;1;;1768
570;Tristan Suarez;8;Cap & Gba;6;GBA SUR;6;GBA SUR;AMBA;1;;1806
224;Gerli;8;Cap & Gba;6;GBA SUR;6;GBA SUR;AMBA;1;;1824
200;Francisco Alvarez;8;Cap & Gba;5;GBA OESTE;6;GBA OESTE;AMBA;1;;1746
393;Pablo Podesta;8;Cap & Gba;6;GBA SUR;6;CAP & GBA;AMBA;1;;
171;El Jaguel;8;Cap & Gba;6;GBA SUR;6;GBA SUR;AMBA;1;;1805
350;Mercado Central;8;Cap & Gba;5;GBA OESTE;6;CAP & GBA;AMBA;1;;
303;Lavallol;8;Cap & Gba;6;GBA SUR;6;GBA SUR;AMBA;1;;1836
246;Ingeniero Budge;8;Cap & Gba;6;GBA SUR;6;GBA SUR;AMBA;1;;1773
165;Don Bosco;8;Cap & Gba;6;GBA SUR;6;GBA SUR;AMBA;1;;1877
463;Rio Negro;5;Rio Negro;12;Sur;5;Sur;INTERIOR;2;;
;C;8;Cap & Gba;6;GBA SUR;6;CAP & GBA;AMBA;1;;
595;Villa Carril;12;San Juan;3;Cuyo;1;Cuyo;INTERIOR;2;;
380;Nueva Córdoba;3;Córdoba;2;Córdoba;2;Córdoba;INTERIOR;2;;5000
596;Villa Celina;8;Cap & Gba;5;GBA OESTE;6;CAP & GBA;AMBA;1;;
193;Fisherton;2;Santa Fe;11;Rosario;3;Rosario;INTERIOR;2;;
344;Maschwitz;8;Cap & Gba;4;GBA NORTE;6;CAP & GBA;AMBA;1;;
267;Justiniano Pose;3;Córdoba;2;Córdoba;2;Córdoba;INTERIOR;2;Unión;
179;Entre Rios;17;Entre Rios;7;Litoral;10;Litoral;INTERIOR;2;;3200
356;Misiones;15;Misiones;8;NEA;4;NEA;INTERIOR;2;;
390;Open Door;8;Cap & Gba;6;GBA SUR;6;CAP & GBA;AMBA;1;;
559;Tolhuin;23;Tierra Del Fuego;12;Sur;5;Sur;INTERIOR;2;;
159;Desamparados;12;San Juan;3;Cuyo;1;Cuyo;INTERIOR;2;;
566;Tres Cerritos;6;Salta;9;NOA;8;NOA Norte;INTERIOR;2;;
395;Padua;8;Cap & Gba;5;GBA OESTE;6;CAP & GBA;AMBA;1;;
68;Bosques;8;Cap & Gba;6;GBA SUR;6;CAP & GBA;AMBA;1;;1889
81;Canning;8;Cap & Gba;6;GBA SUR;6;CAP & GBA;AMBA;1;;1804
262;Juan Francisco Solano;8;Cap & Gba;5;GBA OESTE;6;CAP & GBA;AMBA;1;;
34;Autopista;8;Cap & Gba;1;CAP FED;6;CAP FED;AMBA;1;;1407
394;Pacheco;8;Cap & Gba;4;GBA NORTE;6;GBA NORTE;AMBA;1;;1617
547;Sordeaux;8;Cap & Gba;4;GBA NORTE;6;CAP & GBA;AMBA;1;;
372;Muñiz;8;Cap & Gba;5;GBA OESTE;6;GBA OESTE;AMBA;1;;1662
213;General Las Heras;8;Cap & Gba;5;GBA OESTE;6;GBA OESTE;AMBA;1;;1741
164;Domingo Faustino Sarmiento;8;Cap & Gba;5;GBA OESTE;6;CAP & GBA;AMBA;1;;
226;Gobernador Costa;8;Cap & Gba;6;GBA SUR;6;GBA SUR;AMBA;1;;1859
142;Coronel Brandsen;8;Cap & Gba;6;GBA SUR;6;GBA SUR;AMBA;1;;1980
658;Cruz Alta;2;Santa Fe;11;Rosario;3;Rosario;INTERIOR;2;;2000
237;Guillermo Hudson;8;Cap & Gba;6;GBA SUR;6;GBA SUR;AMBA;1;;1885
430;Puerto Belgrano;14;Buenos Aires;12;Sur;5;Sur;INTERIOR;2;;
435;Punta Chica;8;Cap & Gba;4;GBA NORTE;6;GBA NORTE;AMBA;1;;1919
275;La Horqueta;8;Cap & Gba;4;GBA NORTE;6;CAP & GBA;AMBA;1;;
261;Jovita;3;Córdoba;2;Córdoba;2;Córdoba;INTERIOR;2;;6127
73;Bringas;3;Córdoba;2;Córdoba;2;Córdoba;INTERIOR;2;;
108;Chaco;19;Chaco;8;NEA;4;NEA;INTERIOR;2;;
546;Solano;8;Cap & Gba;6;GBA SUR;6;CAP & GBA;AMBA;1;;
191;Ferreyra;3;Córdoba;2;Córdoba;2;Córdoba;INTERIOR;2;;5925
480;Saladillo;14;Buenos Aires;12;PBA;7;PBA;INTERIOR;2;;7260
655;Zarate - Lima;8;Cap & Gba;4;GBA NORTE;6;CAP & GBA;AMBA;1;;
22;Alt. Brown;8;Cap & Gba;6;GBA SUR;6;CAP & GBA;AMBA;1;;
209;General Belgrano;8;Cap & Gba;6;GBA SUR;6;GBA SUR;AMBA;1;;7223
660;Villa de Mayo;8;Cap & Gba;4;GBA NORTE;6;GBA NORTE;AMBA;1;;1613
84;Cap & Gba;8;Cap & Gba;1;CAP FED;6;CAP & GBA;AMBA;1;;
661;CIUDAD EVITA;8;Cap & Gba;6;GBA SUR;6;GBA SUR;AMBA;1;;
